class,subject,book,chapter,topic,sourceQuestionCount,databaseQuestionCount,missingQuestionCount,extraQuestionCount,reviewQuestionCount,status
CLASS_11,Biology (Class 11),kebo101,The Living World,1.1 Diversity in the Living World,5,5,0,0,0,ZERO_LOSS_MATCHED
CLASS_11,Biology (Class 11),kebo101,The Living World,1.2 Taxonomic Categories,5,5,0,0,0,ZERO_LOSS_MATCHED
CLASS_11,Biology (Class 11),kebo102,Biological Classification,2.1 Kingdom Monera,5,5,0,0,0,ZERO_LOSS_MATCHED
CLASS_11,Biology (Class 11),kebo102,Biological Classification,2.2 Kingdom Protista,5,5,0,0,0,ZERO_LOSS_MATCHED
CLASS_11,Biology (Class 11),kebo102,Biological Classification,2.3 Kingdom Fungi,5,5,0,0,0,ZERO_LOSS_MATCHED
CLASS_11,Biology (Class 11),kebo102,Biological Classification,2.4 Kingdom Plantae,5,5,0,0,0,ZERO_LOSS_MATCHED
CLASS_11,Biology (Class 11),kebo102,Biological Classification,2.5 Kingdom Animalia,5,5,0,0,0,ZERO_LOSS_MATCHED
CLASS_11,Biology (Class 11),kebo102,Biological Classification,"2.6 Viruses, Viroids, Prions and Lichens",5,5,0,0,0,ZERO_LOSS_MATCHED
CLASS_11,Biology (Class 11),kebo103,Plant Kingdom,3.1 Algae,5,5,0,0,0,ZERO_LOSS_MATCHED
CLASS_11,Biology (Class 11),kebo103,Plant Kingdom,3.2 Bryophytes,5,5,0,0,0,ZERO_LOSS_MATCHED
CLASS_11,Biology (Class 11),kebo103,Plant Kingdom,3.3 Pteridophytes,5,5,0,0,0,ZERO_LOSS_MATCHED
CLASS_11,Biology (Class 11),kebo103,Plant Kingdom,3.4 Gymnosperms,5,5,0,0,0,ZERO_LOSS_MATCHED
CLASS_11,Biology (Class 11),kebo103,Plant Kingdom,3.5 Angiosperms,5,5,0,0,0,ZERO_LOSS_MATCHED
CLASS_11,Biology (Class 11),kebo104,Animal Kingdom,4.1 Basis of Classification,5,5,0,0,0,ZERO_LOSS_MATCHED
CLASS_11,Biology (Class 11),kebo104,Animal Kingdom,4.2 Classification of Animals,5,5,0,0,0,ZERO_LOSS_MATCHED
CLASS_11,Biology (Class 11),kebo105,Morphology of Flowering Plants,5.1 The Root,5,5,0,0,0,ZERO_LOSS_MATCHED
CLASS_11,Biology (Class 11),kebo105,Morphology of Flowering Plants,5.2 The Stem,5,5,0,0,0,ZERO_LOSS_MATCHED
CLASS_11,Biology (Class 11),kebo105,Morphology of Flowering Plants,5.3 The Leaf,5,5,0,0,0,ZERO_LOSS_MATCHED
CLASS_11,Biology (Class 11),kebo105,Morphology of Flowering Plants,5.4 The Inflorescence,5,5,0,0,0,ZERO_LOSS_MATCHED
CLASS_11,Biology (Class 11),kebo105,Morphology of Flowering Plants,5.5 The Flower,5,5,0,0,0,ZERO_LOSS_MATCHED
CLASS_11,Biology (Class 11),kebo105,Morphology of Flowering Plants,5.6 The Fruit,5,5,0,0,0,ZERO_LOSS_MATCHED
CLASS_11,Biology (Class 11),kebo105,Morphology of Flowering Plants,5.7 The Seed,5,5,0,0,0,ZERO_LOSS_MATCHED
CLASS_11,Biology (Class 11),kebo105,Morphology of Flowering Plants,5.8 Semi-technical Description of a Typical Flowering Plant,5,5,0,0,0,ZERO_LOSS_MATCHED
CLASS_11,Biology (Class 11),kebo105,Morphology of Flowering Plants,5.9 Solanaceae,5,5,0,0,0,ZERO_LOSS_MATCHED
CLASS_11,Biology (Class 11),kebo106,Anatomy of Flowering Plants,6.1 The Tissue System,5,5,0,0,0,ZERO_LOSS_MATCHED
CLASS_11,Biology (Class 11),kebo106,Anatomy of Flowering Plants,6.2 Anatomy of Dicotyledonous and Monocotyledonous Plants,5,5,0,0,0,ZERO_LOSS_MATCHED
CLASS_11,Biology (Class 11),kebo107,Structural Organisation in Animals,7.1 Organ and Organ System,5,5,0,0,0,ZERO_LOSS_MATCHED
CLASS_11,Biology (Class 11),kebo107,Structural Organisation in Animals,7.2 Frogs,5,5,0,0,0,ZERO_LOSS_MATCHED
CLASS_11,Biology (Class 11),kebo108,Cell: The Unit of Life,8.2 Cell Theory,5,5,0,0,0,ZERO_LOSS_MATCHED
CLASS_11,Biology (Class 11),kebo108,Cell: The Unit of Life,8.3 An Overview of Cell,5,5,0,0,0,ZERO_LOSS_MATCHED
CLASS_11,Biology (Class 11),kebo108,Cell: The Unit of Life,8.4 Prokaryotic Cells,5,5,0,0,0,ZERO_LOSS_MATCHED
CLASS_11,Biology (Class 11),kebo108,Cell: The Unit of Life,8.5 Eukaryotic Cells,5,5,0,0,0,ZERO_LOSS_MATCHED
CLASS_11,Biology (Class 11),kebo109,Biomolecules,9.2 Primary and Secondary Metabolites,5,5,0,0,0,ZERO_LOSS_MATCHED
CLASS_11,Biology (Class 11),kebo109,Biomolecules,9.3 Biomacromolecules,5,5,0,0,0,ZERO_LOSS_MATCHED
CLASS_11,Biology (Class 11),kebo109,Biomolecules,9.4 Proteins,5,5,0,0,0,ZERO_LOSS_MATCHED
CLASS_11,Biology (Class 11),kebo109,Biomolecules,9.5 Polysaccharides,5,5,0,0,0,ZERO_LOSS_MATCHED
CLASS_11,Biology (Class 11),kebo109,Biomolecules,9.6 Nucleic Acids,5,5,0,0,0,ZERO_LOSS_MATCHED
CLASS_11,Biology (Class 11),kebo109,Biomolecules,9.7 Structure of Proteins,5,5,0,0,0,ZERO_LOSS_MATCHED
CLASS_11,Biology (Class 11),kebo109,Biomolecules,9.8 Enzymes,5,5,0,0,0,ZERO_LOSS_MATCHED
CLASS_11,Biology (Class 11),kebo110,Cell Cycle and Cell Division,10.1 Cell Cycle,5,5,0,0,0,ZERO_LOSS_MATCHED
CLASS_11,Biology (Class 11),kebo110,Cell Cycle and Cell Division,10.2 M Phase,5,5,0,0,0,ZERO_LOSS_MATCHED
CLASS_11,Biology (Class 11),kebo110,Cell Cycle and Cell Division,10.4 Meiosis,5,5,0,0,0,ZERO_LOSS_MATCHED
CLASS_11,Biology (Class 11),kebo110,Cell Cycle and Cell Division,10.5 Significance of Meiosis,5,5,0,0,0,ZERO_LOSS_MATCHED
CLASS_11,Biology (Class 11),kebo111,Photosynthesis in Higher Plants,11.2 Early Experiments,5,5,0,0,0,ZERO_LOSS_MATCHED
CLASS_11,Biology (Class 11),kebo111,Photosynthesis in Higher Plants,11.4 How Many Types of Pigments Are,5,5,0,0,0,ZERO_LOSS_MATCHED
CLASS_11,Biology (Class 11),kebo111,Photosynthesis in Higher Plants,11.6 The Electron Transport,5,5,0,0,0,ZERO_LOSS_MATCHED
CLASS_11,Biology (Class 11),kebo111,Photosynthesis in Higher Plants,11.9 Photorespiration,5,5,0,0,0,ZERO_LOSS_MATCHED
CLASS_11,Biology (Class 11),kebo111,Photosynthesis in Higher Plants,11.10 Factors Affecting Photosynthesis,5,5,0,0,0,ZERO_LOSS_MATCHED
CLASS_11,Biology (Class 11),kebo112,Respiration in Plants,12.2 Glycolysis,5,5,0,0,0,ZERO_LOSS_MATCHED
CLASS_11,Biology (Class 11),kebo112,Respiration in Plants,12.3 Fermentation,5,5,0,0,0,ZERO_LOSS_MATCHED
CLASS_11,Biology (Class 11),kebo112,Respiration in Plants,12.4 Aerobic Respiration,5,5,0,0,0,ZERO_LOSS_MATCHED
CLASS_11,Biology (Class 11),kebo112,Respiration in Plants,12.5 The Respiratory Balance Sheet,5,5,0,0,0,ZERO_LOSS_MATCHED
CLASS_11,Biology (Class 11),kebo112,Respiration in Plants,12.6 Amphibolic Pathway,5,5,0,0,0,ZERO_LOSS_MATCHED
CLASS_11,Biology (Class 11),kebo112,Respiration in Plants,12.7 Respiratory Quotient,5,5,0,0,0,ZERO_LOSS_MATCHED
CLASS_11,Biology (Class 11),kebo113,Plant Growth and Development,13.1 Growth,5,5,0,0,0,ZERO_LOSS_MATCHED
CLASS_11,Biology (Class 11),kebo113,Plant Growth and Development,"13.2 Differentiation, Dedifferentiation and Redifferentiation",5,5,0,0,0,ZERO_LOSS_MATCHED
CLASS_11,Biology (Class 11),kebo113,Plant Growth and Development,13.3 Development,5,5,0,0,0,ZERO_LOSS_MATCHED
CLASS_11,Biology (Class 11),kebo113,Plant Growth and Development,13.4 Plant Growth Regulators,5,5,0,0,0,ZERO_LOSS_MATCHED
CLASS_11,Biology (Class 11),kebo114,Breathing and Exchange of Gases,14.1 Respiratory Organs,5,5,0,0,0,ZERO_LOSS_MATCHED
CLASS_11,Biology (Class 11),kebo114,Breathing and Exchange of Gases,14.2 Mechanism of Breathing,5,5,0,0,0,ZERO_LOSS_MATCHED
CLASS_11,Biology (Class 11),kebo114,Breathing and Exchange of Gases,14.3 Exchange of Gases,5,5,0,0,0,ZERO_LOSS_MATCHED
CLASS_11,Biology (Class 11),kebo114,Breathing and Exchange of Gases,14.4 Transport of Gases,5,5,0,0,0,ZERO_LOSS_MATCHED
CLASS_11,Biology (Class 11),kebo114,Breathing and Exchange of Gases,14.5 Regulation of Respiration,5,5,0,0,0,ZERO_LOSS_MATCHED
CLASS_11,Biology (Class 11),kebo114,Breathing and Exchange of Gases,14.6 Disorders of Respiratory System,5,5,0,0,0,ZERO_LOSS_MATCHED
CLASS_11,Biology (Class 11),kebo115,Body Fluids and Circulation,15.1 Blood,5,5,0,0,0,ZERO_LOSS_MATCHED
CLASS_11,Biology (Class 11),kebo115,Body Fluids and Circulation,15.2 Lymph (tissue Fluid),5,5,0,0,0,ZERO_LOSS_MATCHED
CLASS_11,Biology (Class 11),kebo115,Body Fluids and Circulation,15.3 Circulatory Pathways,5,5,0,0,0,ZERO_LOSS_MATCHED
CLASS_11,Biology (Class 11),kebo115,Body Fluids and Circulation,15.4 Double Circulation,5,5,0,0,0,ZERO_LOSS_MATCHED
CLASS_11,Biology (Class 11),kebo115,Body Fluids and Circulation,15.5 Regulation of Cardiac Activity,5,5,0,0,0,ZERO_LOSS_MATCHED
CLASS_11,Biology (Class 11),kebo115,Body Fluids and Circulation,15.6 Disorders of Circulatory System,5,5,0,0,0,ZERO_LOSS_MATCHED
CLASS_11,Biology (Class 11),kebo116,Excretory Products and their Elimination,16.1 Human Excretory System,5,5,0,0,0,ZERO_LOSS_MATCHED
CLASS_11,Biology (Class 11),kebo116,Excretory Products and their Elimination,16.2 Urine Formation,5,5,0,0,0,ZERO_LOSS_MATCHED
CLASS_11,Biology (Class 11),kebo116,Excretory Products and their Elimination,16.3 Function of the Tubules,5,5,0,0,0,ZERO_LOSS_MATCHED
CLASS_11,Biology (Class 11),kebo116,Excretory Products and their Elimination,16.4 Mechanism of Concentration of the Filtrate,5,5,0,0,0,ZERO_LOSS_MATCHED
CLASS_11,Biology (Class 11),kebo116,Excretory Products and their Elimination,16.5 Regulation of Kidney Function,5,5,0,0,0,ZERO_LOSS_MATCHED
CLASS_11,Biology (Class 11),kebo116,Excretory Products and their Elimination,16.6 Micturition,5,5,0,0,0,ZERO_LOSS_MATCHED
CLASS_11,Biology (Class 11),kebo116,Excretory Products and their Elimination,16.7 Role of Other Organs in Excretion,5,5,0,0,0,ZERO_LOSS_MATCHED
CLASS_11,Biology (Class 11),kebo116,Excretory Products and their Elimination,16.8 Disorders of the Excretory System,5,5,0,0,0,ZERO_LOSS_MATCHED
CLASS_11,Biology (Class 11),kebo117,Locomotion and Movement,17.1 Types of Movement,5,5,0,0,0,ZERO_LOSS_MATCHED
CLASS_11,Biology (Class 11),kebo117,Locomotion and Movement,17.2 Muscle,5,5,0,0,0,ZERO_LOSS_MATCHED
CLASS_11,Biology (Class 11),kebo117,Locomotion and Movement,17.3 Skeletal System,5,5,0,0,0,ZERO_LOSS_MATCHED
CLASS_11,Biology (Class 11),kebo117,Locomotion and Movement,17.4 Joints,5,5,0,0,0,ZERO_LOSS_MATCHED
CLASS_11,Biology (Class 11),kebo117,Locomotion and Movement,17.5 Disorders of Muscular and Skeletal System,5,5,0,0,0,ZERO_LOSS_MATCHED
CLASS_11,Biology (Class 11),kebo118,Neural Control and Coordination,18.1 Neural System,5,5,0,0,0,ZERO_LOSS_MATCHED
CLASS_11,Biology (Class 11),kebo118,Neural Control and Coordination,18.2 Human Neural System,5,5,0,0,0,ZERO_LOSS_MATCHED
CLASS_11,Biology (Class 11),kebo118,Neural Control and Coordination,18.3 Neuron As Structural and Functional Unit of Neural System,5,5,0,0,0,ZERO_LOSS_MATCHED
CLASS_11,Biology (Class 11),kebo118,Neural Control and Coordination,18.4 Central Neural System,5,5,0,0,0,ZERO_LOSS_MATCHED
CLASS_11,Biology (Class 11),kebo119,Chemical Coordination and Integration,19.1 Endocrine Glands and Hormones,5,5,0,0,0,ZERO_LOSS_MATCHED
CLASS_11,Biology (Class 11),kebo119,Chemical Coordination and Integration,19.2 Human Endocrine System,5,5,0,0,0,ZERO_LOSS_MATCHED
CLASS_11,Biology (Class 11),kebo119,Chemical Coordination and Integration,"19.3 Hormones of Heart, Kidney and Gastrointestinal Tract",5,5,0,0,0,ZERO_LOSS_MATCHED
CLASS_11,Biology (Class 11),kebo119,Chemical Coordination and Integration,19.4 Mechanism of Hormone Action,5,5,0,0,0,ZERO_LOSS_MATCHED
CLASS_11,Chemistry (Class 11),kech101,Some Basic Concepts of Chemistry,1.1 Importance of Chemistry,5,5,0,0,0,ZERO_LOSS_MATCHED
CLASS_11,Chemistry (Class 11),kech101,Some Basic Concepts of Chemistry,1.012 Section 1.012,5,5,0,0,0,ZERO_LOSS_MATCHED
CLASS_11,Chemistry (Class 11),kech101,Some Basic Concepts of Chemistry,12.11 Section 12.11,5,5,0,0,0,ZERO_LOSS_MATCHED
CLASS_11,Chemistry (Class 11),kech101,Some Basic Concepts of Chemistry,18.0 Section 18.0,5,5,0,0,0,ZERO_LOSS_MATCHED
CLASS_11,Chemistry (Class 11),kech101,Some Basic Concepts of Chemistry,24.23 Section 24.23,5,5,0,0,0,ZERO_LOSS_MATCHED
CLASS_11,Chemistry (Class 11),kech101,Some Basic Concepts of Chemistry,75.77 Section 75.77,5,5,0,0,0,ZERO_LOSS_MATCHED
CLASS_11,Chemistry (Class 11),kech102,Structure of Atom,2.1 Introduction and Core Principles of Structure of Atom,5,5,0,0,0,ZERO_LOSS_MATCHED
CLASS_11,Chemistry (Class 11),kech103,Classification of Elements and Periodicity in Properties,3.2 Genesis of Periodic Classification,5,5,0,0,0,ZERO_LOSS_MATCHED
CLASS_11,Chemistry (Class 11),kech103,Classification of Elements and Periodicity in Properties,3.3 Modern Periodic Law and the Present Form of the Periodic,5,5,0,0,0,ZERO_LOSS_MATCHED
CLASS_11,Chemistry (Class 11),kech103,Classification of Elements and Periodicity in Properties,3.4 Nomenclature of Elements,5,5,0,0,0,ZERO_LOSS_MATCHED
CLASS_11,Chemistry (Class 11),kech103,Classification of Elements and Periodicity in Properties,3.5 Electronic Configurations of Elements and the Periodic,5,5,0,0,0,ZERO_LOSS_MATCHED
CLASS_11,Chemistry (Class 11),kech103,Classification of Elements and Periodicity in Properties,3.6 Electronic Configurations,5,5,0,0,0,ZERO_LOSS_MATCHED
CLASS_11,Chemistry (Class 11),kech103,Classification of Elements and Periodicity in Properties,3.7 Periodic Trends in Properties of Elements,5,5,0,0,0,ZERO_LOSS_MATCHED
CLASS_11,Chemistry (Class 11),kech104,Chemical Bonding and Molecular Structure,4.2 Ionic or Electrovalent Bond,5,5,0,0,0,ZERO_LOSS_MATCHED
CLASS_11,Chemistry (Class 11),kech104,Chemical Bonding and Molecular Structure,4.3 Bond Parameters,5,5,0,0,0,ZERO_LOSS_MATCHED
CLASS_11,Chemistry (Class 11),kech104,Chemical Bonding and Molecular Structure,4.4 The Valence Shell Electron Pair Repulsion (vsepr) Theory,5,5,0,0,0,ZERO_LOSS_MATCHED
CLASS_11,Chemistry (Class 11),kech104,Chemical Bonding and Molecular Structure,4.5 Valence Bond Theory,5,5,0,0,0,ZERO_LOSS_MATCHED
CLASS_11,Chemistry (Class 11),kech104,Chemical Bonding and Molecular Structure,4.6 Hybridisation,5,5,0,0,0,ZERO_LOSS_MATCHED
CLASS_11,Chemistry (Class 11),kech104,Chemical Bonding and Molecular Structure,4.7 Molecular Orbital Theory,5,5,0,0,0,ZERO_LOSS_MATCHED
CLASS_11,Chemistry (Class 11),kech104,Chemical Bonding and Molecular Structure,4.8 Bonding in Some Homonuclear Diatomic Molecules,5,5,0,0,0,ZERO_LOSS_MATCHED
CLASS_11,Chemistry (Class 11),kech104,Chemical Bonding and Molecular Structure,4.9 Hydrogen Bonding,5,5,0,0,0,ZERO_LOSS_MATCHED
CLASS_11,Chemistry (Class 11),kech105,Chemical Thermodynamics,5.1 Introduction and Core Principles of Chemical Thermodynamics,5,5,0,0,0,ZERO_LOSS_MATCHED
CLASS_11,Chemistry (Class 11),kech106,Equilibrium,6.1 E Q U I L I B R I U M I N P H Y S I C a L Processes,5,5,0,0,0,ZERO_LOSS_MATCHED
CLASS_11,Chemistry (Class 11),kech106,Equilibrium,6.2 Equilibrium in Chemical,5,5,0,0,0,ZERO_LOSS_MATCHED
CLASS_11,Chemistry (Class 11),kech106,Equilibrium,6.3 Law of Chemical Equilibrium and Equilibrium Constant,5,5,0,0,0,ZERO_LOSS_MATCHED
CLASS_11,Chemistry (Class 11),kech106,Equilibrium,6.4 Homogeneous Equilibria,5,5,0,0,0,ZERO_LOSS_MATCHED
CLASS_11,Chemistry (Class 11),kech106,Equilibrium,6.5 Heterogeneous Equilibria,5,5,0,0,0,ZERO_LOSS_MATCHED
CLASS_11,Chemistry (Class 11),kech106,Equilibrium,6.6 Applications of Equilibrium Constants,5,5,0,0,0,ZERO_LOSS_MATCHED
CLASS_11,Chemistry (Class 11),kech106,Equilibrium,6.8 Factors Affecting Equilibria,5,5,0,0,0,ZERO_LOSS_MATCHED
CLASS_11,Chemistry (Class 11),kech106,Equilibrium,6.9 Ionic Equilibrium in Solution,5,5,0,0,0,ZERO_LOSS_MATCHED
CLASS_11,Chemistry (Class 11),kech106,Equilibrium,"6.10 Acids, Bases and Salts",5,5,0,0,0,ZERO_LOSS_MATCHED
CLASS_11,Chemistry (Class 11),kech106,Equilibrium,6.11 Ionization of Acids and Bases,5,5,0,0,0,ZERO_LOSS_MATCHED
CLASS_11,Chemistry (Class 11),kech106,Equilibrium,6.12 Buffer Solutions,5,5,0,0,0,ZERO_LOSS_MATCHED
CLASS_11,Chemistry (Class 11),kech106,Equilibrium,6.13 Solubility Equilibria of Sparingly Soluble Salts,5,5,0,0,0,ZERO_LOSS_MATCHED
CLASS_11,Chemistry (Class 11),kech201,Redox Reactions,7.2 Redox Reactions in Terms of Electron Transfer Reactions,5,5,0,0,0,ZERO_LOSS_MATCHED
CLASS_11,Chemistry (Class 11),kech201,Redox Reactions,7.3 Oxidation Number,5,5,0,0,0,ZERO_LOSS_MATCHED
CLASS_11,Chemistry (Class 11),kech201,Redox Reactions,7.4 Redox Reactions and Electrode Processes,5,5,0,0,0,ZERO_LOSS_MATCHED
CLASS_11,Chemistry (Class 11),kech202,Organic Chemistry – Some Basic Principles and Techniques,8.1 Introduction and Core Principles of Organic Chemistry – Some Basic Principles and Techniques,5,5,0,0,0,ZERO_LOSS_MATCHED
CLASS_11,Chemistry (Class 11),kech203,Hydrocarbons,9.1 Classification,5,5,0,0,0,ZERO_LOSS_MATCHED
CLASS_11,Chemistry (Class 11),kech203,Hydrocarbons,9.2 Alkanes,5,5,0,0,0,ZERO_LOSS_MATCHED
CLASS_11,Chemistry (Class 11),kech203,Hydrocarbons,9.3 Alkenes,5,5,0,0,0,ZERO_LOSS_MATCHED
CLASS_11,Chemistry (Class 11),kech203,Hydrocarbons,9.4 Alkynes,5,5,0,0,0,ZERO_LOSS_MATCHED
CLASS_11,Chemistry (Class 11),kech203,Hydrocarbons,9.5 Aromatic Hydrocarbon,5,5,0,0,0,ZERO_LOSS_MATCHED
CLASS_11,Chemistry (Class 11),kech203,Hydrocarbons,9.6 Carcinogenicity and Toxicity,5,5,0,0,0,ZERO_LOSS_MATCHED
CLASS_11,Physics (Class 11),keph101,Units and Measurements,1.1 Introduction,5,5,0,0,0,ZERO_LOSS_MATCHED
CLASS_11,Physics (Class 11),keph101,Units and Measurements,1.2 The International System of Units,5,5,0,0,0,ZERO_LOSS_MATCHED
CLASS_11,Physics (Class 11),keph101,Units and Measurements,1.3 Significant Figures,5,5,0,0,0,ZERO_LOSS_MATCHED
CLASS_11,Physics (Class 11),keph101,Units and Measurements,1.4 Dimensions of Physical Quantities,5,5,0,0,0,ZERO_LOSS_MATCHED
CLASS_11,Physics (Class 11),keph101,Units and Measurements,1.5 Dimensional Formulae and Dimensional Equations,5,5,0,0,0,ZERO_LOSS_MATCHED
CLASS_11,Physics (Class 11),keph101,Units and Measurements,1.6 Dimensional Analysis and Its Applications,5,5,0,0,0,ZERO_LOSS_MATCHED
CLASS_11,Physics (Class 11),keph102,Motion in a Straight Line,2.1 Introduction,5,5,0,0,0,ZERO_LOSS_MATCHED
CLASS_11,Physics (Class 11),keph102,Motion in a Straight Line,2.2 Instantaneous Velocity and Speed,5,5,0,0,0,ZERO_LOSS_MATCHED
CLASS_11,Physics (Class 11),keph102,Motion in a Straight Line,2.3 Acceleration,5,5,0,0,0,ZERO_LOSS_MATCHED
CLASS_11,Physics (Class 11),keph102,Motion in a Straight Line,2.4 Kinematic Equations for Uniformly Accelerated Motion,5,5,0,0,0,ZERO_LOSS_MATCHED
CLASS_11,Physics (Class 11),keph103,Motion in a Plane,3.1 Introduction,5,5,0,0,0,ZERO_LOSS_MATCHED
CLASS_11,Physics (Class 11),keph103,Motion in a Plane,3.2 Scalars and Vectors,5,5,0,0,0,ZERO_LOSS_MATCHED
CLASS_11,Physics (Class 11),keph103,Motion in a Plane,3.3 Multiplication of Vectors By Real Numbers,5,5,0,0,0,ZERO_LOSS_MATCHED
CLASS_11,Physics (Class 11),keph103,Motion in a Plane,3.4 Addition and Subtraction of,5,5,0,0,0,ZERO_LOSS_MATCHED
CLASS_11,Physics (Class 11),keph103,Motion in a Plane,3.5 Resolution of Vectors,5,5,0,0,0,ZERO_LOSS_MATCHED
CLASS_11,Physics (Class 11),keph103,Motion in a Plane,3.7 Motion in a Plane,5,5,0,0,0,ZERO_LOSS_MATCHED
CLASS_11,Physics (Class 11),keph103,Motion in a Plane,3.8 Motion in a Plane with Constant Acceleration,5,5,0,0,0,ZERO_LOSS_MATCHED
CLASS_11,Physics (Class 11),keph103,Motion in a Plane,3.9 Projectile Motion,5,5,0,0,0,ZERO_LOSS_MATCHED
CLASS_11,Physics (Class 11),keph103,Motion in a Plane,3.10 Uniform Circular Motion,5,5,0,0,0,ZERO_LOSS_MATCHED
CLASS_11,Physics (Class 11),keph104,Laws of Motion,4.1 Introduction,5,5,0,0,0,ZERO_LOSS_MATCHED
CLASS_11,Physics (Class 11),keph104,Laws of Motion,4.3 The Law of Inertia,5,5,0,0,0,ZERO_LOSS_MATCHED
CLASS_11,Physics (Class 11),keph104,Laws of Motion,4.7 Conservation of Momentum,5,5,0,0,0,ZERO_LOSS_MATCHED
CLASS_11,Physics (Class 11),keph104,Laws of Motion,4.8 Equilibrium of a Particle,5,5,0,0,0,ZERO_LOSS_MATCHED
CLASS_11,Physics (Class 11),keph104,Laws of Motion,4.9 Common Forces in Mechanics,5,5,0,0,0,ZERO_LOSS_MATCHED
CLASS_11,Physics (Class 11),keph104,Laws of Motion,4.10 Circular Motion,5,5,0,0,0,ZERO_LOSS_MATCHED
CLASS_11,Physics (Class 11),keph104,Laws of Motion,4.11 Solving Problems in Mechanics,5,5,0,0,0,ZERO_LOSS_MATCHED
CLASS_11,Physics (Class 11),keph105,"Work, Energy and Power",5.1 Introduction,5,5,0,0,0,ZERO_LOSS_MATCHED
CLASS_11,Physics (Class 11),keph105,"Work, Energy and Power",5.2 Notions of Work and Kinetic Energy: the Work-energy Theorem,5,5,0,0,0,ZERO_LOSS_MATCHED
CLASS_11,Physics (Class 11),keph105,"Work, Energy and Power",5.3 Work,5,5,0,0,0,ZERO_LOSS_MATCHED
CLASS_11,Physics (Class 11),keph105,"Work, Energy and Power",5.4 Kinetic Energy,5,5,0,0,0,ZERO_LOSS_MATCHED
CLASS_11,Physics (Class 11),keph105,"Work, Energy and Power",5.5 Work Done By a Variable Force,5,5,0,0,0,ZERO_LOSS_MATCHED
CLASS_11,Physics (Class 11),keph105,"Work, Energy and Power",5.6 The Work-energy Theorem for a Variable Force,5,5,0,0,0,ZERO_LOSS_MATCHED
CLASS_11,Physics (Class 11),keph105,"Work, Energy and Power",5.7 The Concept of Potential Energy,5,5,0,0,0,ZERO_LOSS_MATCHED
CLASS_11,Physics (Class 11),keph105,"Work, Energy and Power",5.8 The Conservation of Mechanical Energy,5,5,0,0,0,ZERO_LOSS_MATCHED
CLASS_11,Physics (Class 11),keph105,"Work, Energy and Power",5.9 The Potential Energy of a Spring,5,5,0,0,0,ZERO_LOSS_MATCHED
CLASS_11,Physics (Class 11),keph105,"Work, Energy and Power",5.10 Power,5,5,0,0,0,ZERO_LOSS_MATCHED
CLASS_11,Physics (Class 11),keph105,"Work, Energy and Power",5.11 Collisions,5,5,0,0,0,ZERO_LOSS_MATCHED
CLASS_11,Physics (Class 11),keph106,System of Particles and Rotational Motion,6.1 Introduction,5,5,0,0,0,ZERO_LOSS_MATCHED
CLASS_11,Physics (Class 11),keph106,System of Particles and Rotational Motion,6.2 Centre of Mass,5,5,0,0,0,ZERO_LOSS_MATCHED
CLASS_11,Physics (Class 11),keph106,System of Particles and Rotational Motion,6.3 Motion of Centre of Mass,5,5,0,0,0,ZERO_LOSS_MATCHED
CLASS_11,Physics (Class 11),keph106,System of Particles and Rotational Motion,6.4 Linear Momentum of a System of Particles,5,5,0,0,0,ZERO_LOSS_MATCHED
CLASS_11,Physics (Class 11),keph106,System of Particles and Rotational Motion,6.5 Vector Product of Two Vectors,5,5,0,0,0,ZERO_LOSS_MATCHED
CLASS_11,Physics (Class 11),keph106,System of Particles and Rotational Motion,6.6 Angular Velocity and Its Relation with Linear Velocity,5,5,0,0,0,ZERO_LOSS_MATCHED
CLASS_11,Physics (Class 11),keph106,System of Particles and Rotational Motion,6.7 Torque and Angular Momentum,5,5,0,0,0,ZERO_LOSS_MATCHED
CLASS_11,Physics (Class 11),keph106,System of Particles and Rotational Motion,6.8 Equilibrium of a Rigid Body,5,5,0,0,0,ZERO_LOSS_MATCHED
CLASS_11,Physics (Class 11),keph106,System of Particles and Rotational Motion,6.9 Moment of Inertia,5,5,0,0,0,ZERO_LOSS_MATCHED
CLASS_11,Physics (Class 11),keph106,System of Particles and Rotational Motion,6.10 Kinematics of Rotational Motion About a Fixed Axis,5,5,0,0,0,ZERO_LOSS_MATCHED
CLASS_11,Physics (Class 11),keph106,System of Particles and Rotational Motion,6.11 Dynamics of Rotational Motion About a Fixed Axis,5,5,0,0,0,ZERO_LOSS_MATCHED
CLASS_11,Physics (Class 11),keph106,System of Particles and Rotational Motion,6.12 Angular Momentum in Case of Rotation About a Fixed Axis,5,5,0,0,0,ZERO_LOSS_MATCHED
CLASS_11,Physics (Class 11),keph106,System of Particles and Rotational Motion,34.6 N F,5,5,0,0,0,ZERO_LOSS_MATCHED
CLASS_11,Physics (Class 11),keph106,System of Particles and Rotational Motion,199.0 F N,5,5,0,0,0,ZERO_LOSS_MATCHED
CLASS_11,Physics (Class 11),keph107,Gravitation,5.41 Section 5.41,5,5,0,0,0,ZERO_LOSS_MATCHED
CLASS_11,Physics (Class 11),keph107,Gravitation,7.4 The Gravitational Constant,5,5,0,0,0,ZERO_LOSS_MATCHED
CLASS_11,Physics (Class 11),keph107,Gravitation,7.5 Acceleration Due to Gravity of the Earth,5,5,0,0,0,ZERO_LOSS_MATCHED
CLASS_11,Physics (Class 11),keph107,Gravitation,7.6 Acceleration Due to Gravity Below,5,5,0,0,0,ZERO_LOSS_MATCHED
CLASS_11,Physics (Class 11),keph107,Gravitation,7.8 Escape Speed,5,5,0,0,0,ZERO_LOSS_MATCHED
CLASS_11,Physics (Class 11),keph107,Gravitation,7.9 Earth Satellites,5,5,0,0,0,ZERO_LOSS_MATCHED
CLASS_11,Physics (Class 11),keph107,Gravitation,7.10 Energy of an Orbiting Satellite,5,5,0,0,0,ZERO_LOSS_MATCHED
CLASS_11,Physics (Class 11),keph201,Mechanical Properties of Solids,8.1 Introduction,5,5,0,0,0,ZERO_LOSS_MATCHED
CLASS_11,Physics (Class 11),keph201,Mechanical Properties of Solids,8.2 Stress and Strain,5,5,0,0,0,ZERO_LOSS_MATCHED
CLASS_11,Physics (Class 11),keph201,Mechanical Properties of Solids,8.4 Stress-strain Curve,5,5,0,0,0,ZERO_LOSS_MATCHED
CLASS_11,Physics (Class 11),keph201,Mechanical Properties of Solids,8.5 Elastic Moduli,5,5,0,0,0,ZERO_LOSS_MATCHED
CLASS_11,Physics (Class 11),keph201,Mechanical Properties of Solids,8.6 Applications of Elastic Behaviour of Materials,5,5,0,0,0,ZERO_LOSS_MATCHED
CLASS_11,Physics (Class 11),keph202,Mechanical Properties of Fluids,9.1 Introduction,5,5,0,0,0,ZERO_LOSS_MATCHED
CLASS_11,Physics (Class 11),keph202,Mechanical Properties of Fluids,9.2 Pressure,5,5,0,0,0,ZERO_LOSS_MATCHED
CLASS_11,Physics (Class 11),keph202,Mechanical Properties of Fluids,9.3 Streamline Flow,5,5,0,0,0,ZERO_LOSS_MATCHED
CLASS_11,Physics (Class 11),keph202,Mechanical Properties of Fluids,9.5 Viscosity,5,5,0,0,0,ZERO_LOSS_MATCHED
CLASS_11,Physics (Class 11),keph202,Mechanical Properties of Fluids,9.6 Surface Tension,5,5,0,0,0,ZERO_LOSS_MATCHED
CLASS_11,Physics (Class 11),keph203,Thermal Properties of Matter,10.1 Introduction,5,5,0,0,0,ZERO_LOSS_MATCHED
CLASS_11,Physics (Class 11),keph203,Thermal Properties of Matter,10.2 Temperature and Heat,5,5,0,0,0,ZERO_LOSS_MATCHED
CLASS_11,Physics (Class 11),keph203,Thermal Properties of Matter,10.3 Measurement of Temperature,5,5,0,0,0,ZERO_LOSS_MATCHED
CLASS_11,Physics (Class 11),keph203,Thermal Properties of Matter,10.4 Ideal-gas Equation and Absolute Temperature,5,5,0,0,0,ZERO_LOSS_MATCHED
CLASS_11,Physics (Class 11),keph203,Thermal Properties of Matter,10.5 Thermal Expansion,5,5,0,0,0,ZERO_LOSS_MATCHED
CLASS_11,Physics (Class 11),keph203,Thermal Properties of Matter,10.6 Specific Heat Capacity,5,5,0,0,0,ZERO_LOSS_MATCHED
CLASS_11,Physics (Class 11),keph203,Thermal Properties of Matter,10.7 Calorimetry,5,5,0,0,0,ZERO_LOSS_MATCHED
CLASS_11,Physics (Class 11),keph203,Thermal Properties of Matter,10.8 Change of State,5,5,0,0,0,ZERO_LOSS_MATCHED
CLASS_11,Physics (Class 11),keph203,Thermal Properties of Matter,10.9 Heat Transfer,5,5,0,0,0,ZERO_LOSS_MATCHED
CLASS_11,Physics (Class 11),keph204,Thermodynamics,11.1 Introduction,5,5,0,0,0,ZERO_LOSS_MATCHED
CLASS_11,Physics (Class 11),keph204,Thermodynamics,11.2 Thermal Equilibrium,5,5,0,0,0,ZERO_LOSS_MATCHED
CLASS_11,Physics (Class 11),keph204,Thermodynamics,11.3 Zeroth Law of Thermodynamics,5,5,0,0,0,ZERO_LOSS_MATCHED
CLASS_11,Physics (Class 11),keph204,Thermodynamics,"11.4 Heat, Internal Energy and Work",5,5,0,0,0,ZERO_LOSS_MATCHED
CLASS_11,Physics (Class 11),keph204,Thermodynamics,11.5 First Law of Thermodynamics,5,5,0,0,0,ZERO_LOSS_MATCHED
CLASS_11,Physics (Class 11),keph204,Thermodynamics,11.6 Specific Heat Capacity,5,5,0,0,0,ZERO_LOSS_MATCHED
CLASS_11,Physics (Class 11),keph204,Thermodynamics,11.7 Thermodynamic State Variables and Equation of State,5,5,0,0,0,ZERO_LOSS_MATCHED
CLASS_11,Physics (Class 11),keph204,Thermodynamics,11.8 Thermodynamic Processes,5,5,0,0,0,ZERO_LOSS_MATCHED
CLASS_11,Physics (Class 11),keph204,Thermodynamics,11.9 Second Law of Thermodynamics,5,5,0,0,0,ZERO_LOSS_MATCHED
CLASS_11,Physics (Class 11),keph204,Thermodynamics,11.10 Reversible and Irreversible Processes,5,5,0,0,0,ZERO_LOSS_MATCHED
CLASS_11,Physics (Class 11),keph204,Thermodynamics,11.11 Carnot Engine,5,5,0,0,0,ZERO_LOSS_MATCHED
CLASS_11,Physics (Class 11),keph205,Kinetic Theory,12.1 Introduction,5,5,0,0,0,ZERO_LOSS_MATCHED
CLASS_11,Physics (Class 11),keph205,Kinetic Theory,12.2 Molecular Nature of Matter,5,5,0,0,0,ZERO_LOSS_MATCHED
CLASS_11,Physics (Class 11),keph205,Kinetic Theory,12.3 Behaviour of Gases,5,5,0,0,0,ZERO_LOSS_MATCHED
CLASS_11,Physics (Class 11),keph205,Kinetic Theory,12.4 Kinetic Theory of an Ideal Gas,5,5,0,0,0,ZERO_LOSS_MATCHED
CLASS_11,Physics (Class 11),keph205,Kinetic Theory,12.5 Law of Equipartition of Energy,5,5,0,0,0,ZERO_LOSS_MATCHED
CLASS_11,Physics (Class 11),keph205,Kinetic Theory,12.6 Specific Heat Capacity,5,5,0,0,0,ZERO_LOSS_MATCHED
CLASS_11,Physics (Class 11),keph205,Kinetic Theory,12.7 Mean Free Path,5,5,0,0,0,ZERO_LOSS_MATCHED
CLASS_11,Physics (Class 11),keph206,Oscillations,13.1 Introduction,5,5,0,0,0,ZERO_LOSS_MATCHED
CLASS_11,Physics (Class 11),keph206,Oscillations,13.2 Periodic and Oscillatory Motions,5,5,0,0,0,ZERO_LOSS_MATCHED
CLASS_11,Physics (Class 11),keph206,Oscillations,13.3 Simple Harmonic Motion,5,5,0,0,0,ZERO_LOSS_MATCHED
CLASS_11,Physics (Class 11),keph206,Oscillations,13.4 Simple Harmonic Motion and Uniform Circular Motion,5,5,0,0,0,ZERO_LOSS_MATCHED
CLASS_11,Physics (Class 11),keph206,Oscillations,13.5 Velocity and Acceleration in Simple Harmonic Motion,5,5,0,0,0,ZERO_LOSS_MATCHED
CLASS_11,Physics (Class 11),keph206,Oscillations,13.6 Force Law for Simple Harmonic Motion,5,5,0,0,0,ZERO_LOSS_MATCHED
CLASS_11,Physics (Class 11),keph206,Oscillations,13.7 Energy in Simple Harmonic Motion,5,5,0,0,0,ZERO_LOSS_MATCHED
CLASS_11,Physics (Class 11),keph207,Waves,14.1 Introduction,5,5,0,0,0,ZERO_LOSS_MATCHED
CLASS_11,Physics (Class 11),keph207,Waves,14.2 Transverse and Longitudinal Waves,5,5,0,0,0,ZERO_LOSS_MATCHED
CLASS_11,Physics (Class 11),keph207,Waves,14.3 Displacement Relation in a Progressive Wave,5,5,0,0,0,ZERO_LOSS_MATCHED
CLASS_11,Physics (Class 11),keph207,Waves,14.4 The Speed of a Travelling Wave,5,5,0,0,0,ZERO_LOSS_MATCHED
CLASS_11,Physics (Class 11),keph207,Waves,14.5 The Principle of Superposition of Waves,5,5,0,0,0,ZERO_LOSS_MATCHED
CLASS_11,Physics (Class 11),keph207,Waves,14.6 Reflection of Waves,5,5,0,0,0,ZERO_LOSS_MATCHED
CLASS_11,Physics (Class 11),keph207,Waves,14.7 Beats,5,5,0,0,0,ZERO_LOSS_MATCHED
CLASS_12,Biology (Class 12),lebo101,Sexual Reproduction in Flowering Plants,1.2 Pre-fertilisation: Structures and Events,5,5,0,0,0,ZERO_LOSS_MATCHED
CLASS_12,Biology (Class 12),lebo101,Sexual Reproduction in Flowering Plants,1.3 Double Fertilisation,5,5,0,0,0,ZERO_LOSS_MATCHED
CLASS_12,Biology (Class 12),lebo101,Sexual Reproduction in Flowering Plants,1.4 Post-fertilisation : Structures and Events,5,5,0,0,0,ZERO_LOSS_MATCHED
CLASS_12,Biology (Class 12),lebo101,Sexual Reproduction in Flowering Plants,1.5 Apomixis and Polyembryony,5,5,0,0,0,ZERO_LOSS_MATCHED
CLASS_12,Biology (Class 12),lebo102,Human Reproduction,2.1 The Male Reproductive System,5,5,0,0,0,ZERO_LOSS_MATCHED
CLASS_12,Biology (Class 12),lebo102,Human Reproduction,2.2 The Female Reproductive System,5,5,0,0,0,ZERO_LOSS_MATCHED
CLASS_12,Biology (Class 12),lebo102,Human Reproduction,2.3 Gametogenesis,5,5,0,0,0,ZERO_LOSS_MATCHED
CLASS_12,Biology (Class 12),lebo102,Human Reproduction,2.4 Menstrual Cycle,5,5,0,0,0,ZERO_LOSS_MATCHED
CLASS_12,Biology (Class 12),lebo102,Human Reproduction,2.5 Fertilisation and Implantation,5,5,0,0,0,ZERO_LOSS_MATCHED
CLASS_12,Biology (Class 12),lebo102,Human Reproduction,2.6 Pregnancy and Embryonic Development,5,5,0,0,0,ZERO_LOSS_MATCHED
CLASS_12,Biology (Class 12),lebo102,Human Reproduction,2.7 Parturition and Lactation,5,5,0,0,0,ZERO_LOSS_MATCHED
CLASS_12,Biology (Class 12),lebo103,Reproductive Health,3.2 Population Stabilisation and Birth Control,5,5,0,0,0,ZERO_LOSS_MATCHED
CLASS_12,Biology (Class 12),lebo103,Reproductive Health,3.3 Medical Termination of Pregnancy (mtp),5,5,0,0,0,ZERO_LOSS_MATCHED
CLASS_12,Biology (Class 12),lebo103,Reproductive Health,3.4 Sexually Transmitted Infections (stis),5,5,0,0,0,ZERO_LOSS_MATCHED
CLASS_12,Biology (Class 12),lebo103,Reproductive Health,3.5 Infertility,5,5,0,0,0,ZERO_LOSS_MATCHED
CLASS_12,Biology (Class 12),lebo104,Principles of Inheritance and Variation,4.2 Inheritance of One Gene,5,5,0,0,0,ZERO_LOSS_MATCHED
CLASS_12,Biology (Class 12),lebo104,Principles of Inheritance and Variation,4.3 Inheritance of Two Genes,5,5,0,0,0,ZERO_LOSS_MATCHED
CLASS_12,Biology (Class 12),lebo104,Principles of Inheritance and Variation,4.4 Polygenic Inheritance,5,5,0,0,0,ZERO_LOSS_MATCHED
CLASS_12,Biology (Class 12),lebo104,Principles of Inheritance and Variation,4.5 Pleiotropy,5,5,0,0,0,ZERO_LOSS_MATCHED
CLASS_12,Biology (Class 12),lebo104,Principles of Inheritance and Variation,4.6 Sex Determination,5,5,0,0,0,ZERO_LOSS_MATCHED
CLASS_12,Biology (Class 12),lebo104,Principles of Inheritance and Variation,4.7 Mutation,5,5,0,0,0,ZERO_LOSS_MATCHED
CLASS_12,Biology (Class 12),lebo104,Principles of Inheritance and Variation,4.8 Genetic Disorders,5,5,0,0,0,ZERO_LOSS_MATCHED
CLASS_12,Biology (Class 12),lebo105,Molecular Basis of Inheritance,5.1 The Dna,5,5,0,0,0,ZERO_LOSS_MATCHED
CLASS_12,Biology (Class 12),lebo105,Molecular Basis of Inheritance,5.2 The Search for Genetic Material,5,5,0,0,0,ZERO_LOSS_MATCHED
CLASS_12,Biology (Class 12),lebo105,Molecular Basis of Inheritance,5.3 Rna World,5,5,0,0,0,ZERO_LOSS_MATCHED
CLASS_12,Biology (Class 12),lebo105,Molecular Basis of Inheritance,5.4 Replication,5,5,0,0,0,ZERO_LOSS_MATCHED
CLASS_12,Biology (Class 12),lebo105,Molecular Basis of Inheritance,5.5 Transcription,5,5,0,0,0,ZERO_LOSS_MATCHED
CLASS_12,Biology (Class 12),lebo105,Molecular Basis of Inheritance,5.6 Genetic Code,5,5,0,0,0,ZERO_LOSS_MATCHED
CLASS_12,Biology (Class 12),lebo105,Molecular Basis of Inheritance,5.7 Translation,5,5,0,0,0,ZERO_LOSS_MATCHED
CLASS_12,Biology (Class 12),lebo105,Molecular Basis of Inheritance,5.8 Regulation of Gene Expression,5,5,0,0,0,ZERO_LOSS_MATCHED
CLASS_12,Biology (Class 12),lebo105,Molecular Basis of Inheritance,5.9 Human Genome Project,5,5,0,0,0,ZERO_LOSS_MATCHED
CLASS_12,Biology (Class 12),lebo105,Molecular Basis of Inheritance,5.10 Dna Fingerprinting,5,5,0,0,0,ZERO_LOSS_MATCHED
CLASS_12,Biology (Class 12),lebo106,Evolution,6.1 Origin of Life,5,5,0,0,0,ZERO_LOSS_MATCHED
CLASS_12,Biology (Class 12),lebo106,Evolution,6.5 Biological Evolution,5,5,0,0,0,ZERO_LOSS_MATCHED
CLASS_12,Biology (Class 12),lebo106,Evolution,6.6 Mechanism of Evolution,5,5,0,0,0,ZERO_LOSS_MATCHED
CLASS_12,Biology (Class 12),lebo106,Evolution,6.7 Hardy-weinberg Principle,5,5,0,0,0,ZERO_LOSS_MATCHED
CLASS_12,Biology (Class 12),lebo106,Evolution,6.8 A Brief Account of Evolution,5,5,0,0,0,ZERO_LOSS_MATCHED
CLASS_12,Biology (Class 12),lebo106,Evolution,6.9 Origin and Evolution of Man,5,5,0,0,0,ZERO_LOSS_MATCHED
CLASS_12,Biology (Class 12),lebo107,Human Health and Disease,7.1 Common Diseases in Humans,5,5,0,0,0,ZERO_LOSS_MATCHED
CLASS_12,Biology (Class 12),lebo107,Human Health and Disease,7.2 Immunity,5,5,0,0,0,ZERO_LOSS_MATCHED
CLASS_12,Biology (Class 12),lebo107,Human Health and Disease,7.3 Aids,5,5,0,0,0,ZERO_LOSS_MATCHED
CLASS_12,Biology (Class 12),lebo107,Human Health and Disease,7.4 Cancer,5,5,0,0,0,ZERO_LOSS_MATCHED
CLASS_12,Biology (Class 12),lebo107,Human Health and Disease,7.5 Drugs and Alcohol Abuse,5,5,0,0,0,ZERO_LOSS_MATCHED
CLASS_12,Biology (Class 12),lebo108,Microbes in Human Welfare,8.1 Microbes in Household Products,5,5,0,0,0,ZERO_LOSS_MATCHED
CLASS_12,Biology (Class 12),lebo108,Microbes in Human Welfare,8.2 Microbes in Industrial Products,5,5,0,0,0,ZERO_LOSS_MATCHED
CLASS_12,Biology (Class 12),lebo108,Microbes in Human Welfare,8.3 Microbes in Sewage Treatment,5,5,0,0,0,ZERO_LOSS_MATCHED
CLASS_12,Biology (Class 12),lebo108,Microbes in Human Welfare,8.4 Microbes in Production of Biogas,5,5,0,0,0,ZERO_LOSS_MATCHED
CLASS_12,Biology (Class 12),lebo108,Microbes in Human Welfare,8.5 Microbes As Biocontrol Agents,5,5,0,0,0,ZERO_LOSS_MATCHED
CLASS_12,Biology (Class 12),lebo108,Microbes in Human Welfare,8.6 Microbes As Biofertilisers,5,5,0,0,0,ZERO_LOSS_MATCHED
CLASS_12,Biology (Class 12),lebo109,Biotechnology: Principles and Processes,9.1 Principles of Biotechnology,5,5,0,0,0,ZERO_LOSS_MATCHED
CLASS_12,Biology (Class 12),lebo109,Biotechnology: Principles and Processes,9.2 Tools of Recombinant Dna Technology,5,5,0,0,0,ZERO_LOSS_MATCHED
CLASS_12,Biology (Class 12),lebo109,Biotechnology: Principles and Processes,9.3 Processes of Recombinant Dna Technology,5,5,0,0,0,ZERO_LOSS_MATCHED
CLASS_12,Biology (Class 12),lebo110,Biotechnology and its Applications,10.1 Biotechnological Applications in Agriculture,5,5,0,0,0,ZERO_LOSS_MATCHED
CLASS_12,Biology (Class 12),lebo110,Biotechnology and its Applications,10.2 Biotechnological Applications in Medicine,5,5,0,0,0,ZERO_LOSS_MATCHED
CLASS_12,Biology (Class 12),lebo110,Biotechnology and its Applications,10.3 Transgenic Animals,5,5,0,0,0,ZERO_LOSS_MATCHED
CLASS_12,Biology (Class 12),lebo110,Biotechnology and its Applications,10.4 Ethical Issues,5,5,0,0,0,ZERO_LOSS_MATCHED
CLASS_12,Biology (Class 12),lebo111,Organisms and Populations,11.1 Populations,5,5,0,0,0,ZERO_LOSS_MATCHED
CLASS_12,Biology (Class 12),lebo112,Ecosystem,12.2 Productivity,5,5,0,0,0,ZERO_LOSS_MATCHED
CLASS_12,Biology (Class 12),lebo112,Ecosystem,12.3 Decomposition,5,5,0,0,0,ZERO_LOSS_MATCHED
CLASS_12,Biology (Class 12),lebo112,Ecosystem,12.4 Energy Flow,5,5,0,0,0,ZERO_LOSS_MATCHED
CLASS_12,Biology (Class 12),lebo112,Ecosystem,12.5 Ecological Pyramids,5,5,0,0,0,ZERO_LOSS_MATCHED
CLASS_12,Biology (Class 12),lebo113,Biodiversity and Conservation,13.1 Biodiversity,5,5,0,0,0,ZERO_LOSS_MATCHED
CLASS_12,Biology (Class 12),lebo113,Biodiversity and Conservation,13.2 Biodiversity Conservation,5,5,0,0,0,ZERO_LOSS_MATCHED
CLASS_12,Chemistry (Class 12),lech101,Solutions,1.1 Introduction and Core Principles of Solutions,5,5,0,0,0,ZERO_LOSS_MATCHED
CLASS_12,Chemistry (Class 12),lech102,Electrochemistry,2.1 Introduction and Core Principles of Electrochemistry,5,5,0,0,0,ZERO_LOSS_MATCHED
CLASS_12,Chemistry (Class 12),lech103,Chemical Kinetics,2.303 E T R,5,5,0,0,0,ZERO_LOSS_MATCHED
CLASS_12,Chemistry (Class 12),lech104,The d- and f-Block Elements,4.1 Introduction and Core Principles of the D- and F-block Elements,5,5,0,0,0,ZERO_LOSS_MATCHED
CLASS_12,Chemistry (Class 12),lech105,Coordination Compounds,5.1 Introduction and Core Principles of Coordination Compounds,5,5,0,0,0,ZERO_LOSS_MATCHED
CLASS_12,Chemistry (Class 12),lech201,Haloalkanes and Haloarenes,6.1 Introduction and Core Principles of Haloalkanes and Haloarenes,5,5,0,0,0,ZERO_LOSS_MATCHED
CLASS_12,Chemistry (Class 12),lech202,"Alcohols, Phenols and Ethers",7.10 C H Oh,5,5,0,0,0,ZERO_LOSS_MATCHED
CLASS_12,Chemistry (Class 12),lech203,"Aldehydes, Ketones and Carboxylic Acids","8.1 Introduction and Core Principles of Aldehydes, Ketones and Carboxylic Acids",5,5,0,0,0,ZERO_LOSS_MATCHED
CLASS_12,Chemistry (Class 12),lech204,Amines,9.1 Introduction and Core Principles of Amines,5,5,0,0,0,ZERO_LOSS_MATCHED
CLASS_12,Chemistry (Class 12),lech205,Biomolecules,10.1 Introduction and Core Principles of Biomolecules,5,5,0,0,0,ZERO_LOSS_MATCHED
CLASS_12,Physics (Class 12),leph101,Electric Charges and Fields,1.1 Introduction,5,5,0,0,0,ZERO_LOSS_MATCHED
CLASS_12,Physics (Class 12),leph101,Electric Charges and Fields,1.2 Electric Charge,5,5,0,0,0,ZERO_LOSS_MATCHED
CLASS_12,Physics (Class 12),leph101,Electric Charges and Fields,1.3 Conductors and Insulators,5,5,0,0,0,ZERO_LOSS_MATCHED
CLASS_12,Physics (Class 12),leph101,Electric Charges and Fields,1.4 Basic Properties of Electric Charge,5,5,0,0,0,ZERO_LOSS_MATCHED
CLASS_12,Physics (Class 12),leph101,Electric Charges and Fields,1.6 Forces Between Multiple Charges,5,5,0,0,0,ZERO_LOSS_MATCHED
CLASS_12,Physics (Class 12),leph101,Electric Charges and Fields,1.7 Electric Field,5,5,0,0,0,ZERO_LOSS_MATCHED
CLASS_12,Physics (Class 12),leph101,Electric Charges and Fields,1.8 Electric Field Lines,5,5,0,0,0,ZERO_LOSS_MATCHED
CLASS_12,Physics (Class 12),leph101,Electric Charges and Fields,1.9 Electric Flux,5,5,0,0,0,ZERO_LOSS_MATCHED
CLASS_12,Physics (Class 12),leph101,Electric Charges and Fields,1.10 Electric Dipole,5,5,0,0,0,ZERO_LOSS_MATCHED
CLASS_12,Physics (Class 12),leph101,Electric Charges and Fields,1.11 Dipole in a Uniform External Field,5,5,0,0,0,ZERO_LOSS_MATCHED
CLASS_12,Physics (Class 12),leph101,Electric Charges and Fields,1.12 Continuous Charge Distribution,5,5,0,0,0,ZERO_LOSS_MATCHED
CLASS_12,Physics (Class 12),leph102,Electrostatic Potential and Capacitance,2.1 Introduction Ntroduction,5,5,0,0,0,ZERO_LOSS_MATCHED
CLASS_12,Physics (Class 12),leph102,Electrostatic Potential and Capacitance,2.2 Electrostatic Potential,5,5,0,0,0,ZERO_LOSS_MATCHED
CLASS_12,Physics (Class 12),leph102,Electrostatic Potential and Capacitance,2.3 Potential Due to a Point Charge,5,5,0,0,0,ZERO_LOSS_MATCHED
CLASS_12,Physics (Class 12),leph102,Electrostatic Potential and Capacitance,2.4 Potential Due to an Electric Dipole,5,5,0,0,0,ZERO_LOSS_MATCHED
CLASS_12,Physics (Class 12),leph102,Electrostatic Potential and Capacitance,2.5 Potential Due to a System of Charges,5,5,0,0,0,ZERO_LOSS_MATCHED
CLASS_12,Physics (Class 12),leph102,Electrostatic Potential and Capacitance,2.6 Equipotential Surfaces,5,5,0,0,0,ZERO_LOSS_MATCHED
CLASS_12,Physics (Class 12),leph102,Electrostatic Potential and Capacitance,2.7 Potential Energy of a System of Charges,5,5,0,0,0,ZERO_LOSS_MATCHED
CLASS_12,Physics (Class 12),leph102,Electrostatic Potential and Capacitance,2.8 Potential Energy in an External Field,5,5,0,0,0,ZERO_LOSS_MATCHED
CLASS_12,Physics (Class 12),leph102,Electrostatic Potential and Capacitance,2.9 Electrostatics of Conductors,5,5,0,0,0,ZERO_LOSS_MATCHED
CLASS_12,Physics (Class 12),leph102,Electrostatic Potential and Capacitance,2.10 Dielectrics and Polarisation,5,5,0,0,0,ZERO_LOSS_MATCHED
CLASS_12,Physics (Class 12),leph102,Electrostatic Potential and Capacitance,2.11 Capacitors and Capacitance,5,5,0,0,0,ZERO_LOSS_MATCHED
CLASS_12,Physics (Class 12),leph102,Electrostatic Potential and Capacitance,2.12 The Parallel Plate Capacitor,5,5,0,0,0,ZERO_LOSS_MATCHED
CLASS_12,Physics (Class 12),leph102,Electrostatic Potential and Capacitance,2.13 Effect of Dielectric on Capacitance,5,5,0,0,0,ZERO_LOSS_MATCHED
CLASS_12,Physics (Class 12),leph102,Electrostatic Potential and Capacitance,2.14 Combination of Capacitors,5,5,0,0,0,ZERO_LOSS_MATCHED
CLASS_12,Physics (Class 12),leph102,Electrostatic Potential and Capacitance,2.15 Energy Stored in a Capacitor,5,5,0,0,0,ZERO_LOSS_MATCHED
CLASS_12,Physics (Class 12),leph103,Current Electricity,3.1 Introduction,5,5,0,0,0,ZERO_LOSS_MATCHED
CLASS_12,Physics (Class 12),leph103,Current Electricity,3.2 Electric Current,5,5,0,0,0,ZERO_LOSS_MATCHED
CLASS_12,Physics (Class 12),leph103,Current Electricity,3.3 Electric Currents in Conductors,5,5,0,0,0,ZERO_LOSS_MATCHED
CLASS_12,Physics (Class 12),leph103,Current Electricity,3.5 Drift of Electrons and the Origin of Resistivity,5,5,0,0,0,ZERO_LOSS_MATCHED
CLASS_12,Physics (Class 12),leph103,Current Electricity,3.7 Resistivity of Various Materials,5,5,0,0,0,ZERO_LOSS_MATCHED
CLASS_12,Physics (Class 12),leph103,Current Electricity,3.8 Temperature Dependence of Resistivity,5,5,0,0,0,ZERO_LOSS_MATCHED
CLASS_12,Physics (Class 12),leph103,Current Electricity,"3.9 Electrical Energy, Power",5,5,0,0,0,ZERO_LOSS_MATCHED
CLASS_12,Physics (Class 12),leph103,Current Electricity,"3.10 Cells, Emf, Internal Resistance",5,5,0,0,0,ZERO_LOSS_MATCHED
CLASS_12,Physics (Class 12),leph103,Current Electricity,3.11 Cells Ells Ells in in in S S Series Eries Eries and and,5,5,0,0,0,ZERO_LOSS_MATCHED
CLASS_12,Physics (Class 12),leph103,Current Electricity,3.13 Wheatstone Bridge,5,5,0,0,0,ZERO_LOSS_MATCHED
CLASS_12,Physics (Class 12),leph104,Moving Charges and Magnetism,4.1 Introduction,5,5,0,0,0,ZERO_LOSS_MATCHED
CLASS_12,Physics (Class 12),leph104,Moving Charges and Magnetism,4.2 Magnetic Force,5,5,0,0,0,ZERO_LOSS_MATCHED
CLASS_12,Physics (Class 12),leph104,Moving Charges and Magnetism,4.3 Motion in a Magnetic Field,5,5,0,0,0,ZERO_LOSS_MATCHED
CLASS_12,Physics (Class 12),leph104,Moving Charges and Magnetism,"4.4 Magnetic Field Due to a Current Element, Biot-savart Law",5,5,0,0,0,ZERO_LOSS_MATCHED
CLASS_12,Physics (Class 12),leph104,Moving Charges and Magnetism,4.5 Magnetic Field on the Axis of a Circular Current Loop,5,5,0,0,0,ZERO_LOSS_MATCHED
CLASS_12,Physics (Class 12),leph104,Moving Charges and Magnetism,4.7 The Solenoid,5,5,0,0,0,ZERO_LOSS_MATCHED
CLASS_12,Physics (Class 12),leph104,Moving Charges and Magnetism,"4.8 Force Between Two Parallel Currents, the Ampere",5,5,0,0,0,ZERO_LOSS_MATCHED
CLASS_12,Physics (Class 12),leph104,Moving Charges and Magnetism,"4.9 Torque on Current Loop, Magnetic Dipole",5,5,0,0,0,ZERO_LOSS_MATCHED
CLASS_12,Physics (Class 12),leph104,Moving Charges and Magnetism,4.10 The Moving Coil Galvanometer,5,5,0,0,0,ZERO_LOSS_MATCHED
CLASS_12,Physics (Class 12),leph105,Magnetism and Matter,5.1 Introduction,5,5,0,0,0,ZERO_LOSS_MATCHED
CLASS_12,Physics (Class 12),leph105,Magnetism and Matter,5.2 The He He B B Bar Ar Ar M M Magnet Agnet,5,5,0,0,0,ZERO_LOSS_MATCHED
CLASS_12,Physics (Class 12),leph105,Magnetism and Matter,5.4 Magnetisation and Magnetic Intensity,5,5,0,0,0,ZERO_LOSS_MATCHED
CLASS_12,Physics (Class 12),leph105,Magnetism and Matter,5.5 Magnetic Properties of Materials,5,5,0,0,0,ZERO_LOSS_MATCHED
CLASS_12,Physics (Class 12),leph106,Electromagnetic Induction,0.5 I R,5,5,0,0,0,ZERO_LOSS_MATCHED
CLASS_12,Physics (Class 12),leph106,Electromagnetic Induction,6.1 Introduction,5,5,0,0,0,ZERO_LOSS_MATCHED
CLASS_12,Physics (Class 12),leph106,Electromagnetic Induction,6.2 The Experiments of Faraday and Henry,5,5,0,0,0,ZERO_LOSS_MATCHED
CLASS_12,Physics (Class 12),leph106,Electromagnetic Induction,6.3 Magnetic Flux,5,5,0,0,0,ZERO_LOSS_MATCHED
CLASS_12,Physics (Class 12),leph106,Electromagnetic Induction,6.6 Motional Electromotive Force,5,5,0,0,0,ZERO_LOSS_MATCHED
CLASS_12,Physics (Class 12),leph106,Electromagnetic Induction,6.7 Inductance,5,5,0,0,0,ZERO_LOSS_MATCHED
CLASS_12,Physics (Class 12),leph106,Electromagnetic Induction,6.8 Ac Generator,5,5,0,0,0,ZERO_LOSS_MATCHED
CLASS_12,Physics (Class 12),leph107,Alternating Current,7.1 Introduction,5,5,0,0,0,ZERO_LOSS_MATCHED
CLASS_12,Physics (Class 12),leph107,Alternating Current,7.2 Ac Voltage Applied to a Resistor,5,5,0,0,0,ZERO_LOSS_MATCHED
CLASS_12,Physics (Class 12),leph107,Alternating Current,7.3 Representation of Ac Current and Voltage,5,5,0,0,0,ZERO_LOSS_MATCHED
CLASS_12,Physics (Class 12),leph107,Alternating Current,7.4 Ac Voltage Applied to an Inductor,5,5,0,0,0,ZERO_LOSS_MATCHED
CLASS_12,Physics (Class 12),leph107,Alternating Current,7.5 Ac Voltage Applied to a Capacitor,5,5,0,0,0,ZERO_LOSS_MATCHED
CLASS_12,Physics (Class 12),leph107,Alternating Current,7.6 Ac Voltage Applied to a Series Lcr Circuit,5,5,0,0,0,ZERO_LOSS_MATCHED
CLASS_12,Physics (Class 12),leph107,Alternating Current,7.7 Power in Ac Circuit: the Power Factor,5,5,0,0,0,ZERO_LOSS_MATCHED
CLASS_12,Physics (Class 12),leph107,Alternating Current,7.8 Transformers,5,5,0,0,0,ZERO_LOSS_MATCHED
CLASS_12,Physics (Class 12),leph107,Alternating Current,7.85 L V I X,5,5,0,0,0,ZERO_LOSS_MATCHED
CLASS_12,Physics (Class 12),leph107,Alternating Current,160.3 V C V I X,5,5,0,0,0,ZERO_LOSS_MATCHED
CLASS_12,Physics (Class 12),leph107,Alternating Current,291.5 V I Z,5,5,0,0,0,ZERO_LOSS_MATCHED
CLASS_12,Physics (Class 12),leph108,Electromagnetic Waves,8.1 Introduction,5,5,0,0,0,ZERO_LOSS_MATCHED
CLASS_12,Physics (Class 12),leph108,Electromagnetic Waves,8.2 Displacement Current,5,5,0,0,0,ZERO_LOSS_MATCHED
CLASS_12,Physics (Class 12),leph108,Electromagnetic Waves,8.3 Electromagnetic Waves,5,5,0,0,0,ZERO_LOSS_MATCHED
CLASS_12,Physics (Class 12),leph108,Electromagnetic Waves,8.4 Electromagnetic Spectrum,5,5,0,0,0,ZERO_LOSS_MATCHED
CLASS_12,Physics (Class 12),leph201,Ray Optics and Optical Instruments,9.1 Introduction,5,5,0,0,0,ZERO_LOSS_MATCHED
CLASS_12,Physics (Class 12),leph201,Ray Optics and Optical Instruments,9.2 Reflection of Light By Spherical Mirrors,5,5,0,0,0,ZERO_LOSS_MATCHED
CLASS_12,Physics (Class 12),leph201,Ray Optics and Optical Instruments,9.3 Refraction,5,5,0,0,0,ZERO_LOSS_MATCHED
CLASS_12,Physics (Class 12),leph201,Ray Optics and Optical Instruments,9.4 Total Internal Reflection,5,5,0,0,0,ZERO_LOSS_MATCHED
CLASS_12,Physics (Class 12),leph201,Ray Optics and Optical Instruments,9.5 Refraction at Spherical Surfaces and By Lenses,5,5,0,0,0,ZERO_LOSS_MATCHED
CLASS_12,Physics (Class 12),leph201,Ray Optics and Optical Instruments,9.6 Refraction Through a Prism,5,5,0,0,0,ZERO_LOSS_MATCHED
CLASS_12,Physics (Class 12),leph201,Ray Optics and Optical Instruments,9.7 Optical Instruments,5,5,0,0,0,ZERO_LOSS_MATCHED
CLASS_12,Physics (Class 12),leph202,Wave Optics,10.1 Introduction,5,5,0,0,0,ZERO_LOSS_MATCHED
CLASS_12,Physics (Class 12),leph202,Wave Optics,10.2 Huygens Principle,5,5,0,0,0,ZERO_LOSS_MATCHED
CLASS_12,Physics (Class 12),leph202,Wave Optics,10.3 Refraction and Reflection of,5,5,0,0,0,ZERO_LOSS_MATCHED
CLASS_12,Physics (Class 12),leph202,Wave Optics,10.4 Coherent and Incoherent Addition of Waves,5,5,0,0,0,ZERO_LOSS_MATCHED
CLASS_12,Physics (Class 12),leph202,Wave Optics,10.6 Diffraction,5,5,0,0,0,ZERO_LOSS_MATCHED
CLASS_12,Physics (Class 12),leph202,Wave Optics,10.7 Polarisation,5,5,0,0,0,ZERO_LOSS_MATCHED
CLASS_12,Physics (Class 12),leph203,Dual Nature of Radiation and Matter,11.1 Introduction,5,5,0,0,0,ZERO_LOSS_MATCHED
CLASS_12,Physics (Class 12),leph203,Dual Nature of Radiation and Matter,11.2 Electron Emission,5,5,0,0,0,ZERO_LOSS_MATCHED
CLASS_12,Physics (Class 12),leph203,Dual Nature of Radiation and Matter,11.3 Photoelectric Effect,5,5,0,0,0,ZERO_LOSS_MATCHED
CLASS_12,Physics (Class 12),leph203,Dual Nature of Radiation and Matter,11.4 Experimental Study of Photoelectric Effect,5,5,0,0,0,ZERO_LOSS_MATCHED
CLASS_12,Physics (Class 12),leph203,Dual Nature of Radiation and Matter,11.5 Photoelectric Effect and Wave Theory of Light,5,5,0,0,0,ZERO_LOSS_MATCHED
CLASS_12,Physics (Class 12),leph203,Dual Nature of Radiation and Matter,11.7 Particle Nature of Light: the Photon,5,5,0,0,0,ZERO_LOSS_MATCHED
CLASS_12,Physics (Class 12),leph203,Dual Nature of Radiation and Matter,11.8 Wave Nature of Matter,5,5,0,0,0,ZERO_LOSS_MATCHED
CLASS_12,Physics (Class 12),leph204,Atoms,12.1 Introduction,5,5,0,0,0,ZERO_LOSS_MATCHED
CLASS_12,Physics (Class 12),leph204,Atoms,12.2 Alpha Lpha Lpha-par Ar Article Ticle Ticle S S Sca Ca,5,5,0,0,0,ZERO_LOSS_MATCHED
CLASS_12,Physics (Class 12),leph204,Atoms,12.3 Atomic Spectra,5,5,0,0,0,ZERO_LOSS_MATCHED
CLASS_12,Physics (Class 12),leph204,Atoms,12.4 Bohr Model of the Hydrogen Atom,5,5,0,0,0,ZERO_LOSS_MATCHED
CLASS_12,Physics (Class 12),leph204,Atoms,12.5 The Line Spectra of the Hydrogen Atom,5,5,0,0,0,ZERO_LOSS_MATCHED
CLASS_12,Physics (Class 12),leph205,Nuclei,13.1 Introduction,5,5,0,0,0,ZERO_LOSS_MATCHED
CLASS_12,Physics (Class 12),leph205,Nuclei,13.2 Atomic Masses and Composition of Nucleus,5,5,0,0,0,ZERO_LOSS_MATCHED
CLASS_12,Physics (Class 12),leph205,Nuclei,13.3 Size of the Nucleus,5,5,0,0,0,ZERO_LOSS_MATCHED
CLASS_12,Physics (Class 12),leph205,Nuclei,13.4 Mass-energy and Nuclear Binding Energy,5,5,0,0,0,ZERO_LOSS_MATCHED
CLASS_12,Physics (Class 12),leph205,Nuclei,13.5 Nuclear Force,5,5,0,0,0,ZERO_LOSS_MATCHED
CLASS_12,Physics (Class 12),leph205,Nuclei,13.6 Radioactivity,5,5,0,0,0,ZERO_LOSS_MATCHED
CLASS_12,Physics (Class 12),leph205,Nuclei,13.7 Nuclear Energy,5,5,0,0,0,ZERO_LOSS_MATCHED
CLASS_12,Physics (Class 12),leph206,"Semiconductor Electronics: Materials, Devices and Simple Circuits",14.1 Introduction,5,5,0,0,0,ZERO_LOSS_MATCHED
CLASS_12,Physics (Class 12),leph206,"Semiconductor Electronics: Materials, Devices and Simple Circuits","14.2 Classification of Metals, Conductors and Semiconductors",5,5,0,0,0,ZERO_LOSS_MATCHED
CLASS_12,Physics (Class 12),leph206,"Semiconductor Electronics: Materials, Devices and Simple Circuits",14.3 Intrinsic Semiconductor,5,5,0,0,0,ZERO_LOSS_MATCHED
CLASS_12,Physics (Class 12),leph206,"Semiconductor Electronics: Materials, Devices and Simple Circuits",14.4 Extrinsic Semiconductor,5,5,0,0,0,ZERO_LOSS_MATCHED
CLASS_12,Physics (Class 12),leph206,"Semiconductor Electronics: Materials, Devices and Simple Circuits",14.6 Semiconductor Diode,5,5,0,0,0,ZERO_LOSS_MATCHED
CLASS_12,Physics (Class 12),leph206,"Semiconductor Electronics: Materials, Devices and Simple Circuits",14.7 Application of Junction Diode As a Rectifier,5,5,0,0,0,ZERO_LOSS_MATCHED
